Date,Time,Phone,Firstname,Lastname
2024-03-01,12:19:23,93627414,Ignazio,Abrahmer
2024-03-01,15:39:48,89007281,Bernard,Cowlard
2024-03-01,16:19:03,81059611,Laurette,Birney
2024-03-01,18:39:04,93342383,Corby,Crinage
2024-03-01,19:22:02,85625766,Mal,Bavister
2024-03-02,10:41:41,95672712,Terese,Chetwind
2024-03-02,14:38:36,94385675,Kipp,Pettifer
2024-03-02,16:37:24,97416639,Ernestine,Loughney
2024-03-02,17:34:55,87113774,Estell,Barwell
2024-03-03,10:27:19,95961010,Othello,Reymers
2024-03-03,17:06:40,96537349,Grissel,Howels
2024-03-04,10:03:52,93603800,Maddie,Izkoveski
2024-03-04,10:54:51,87433248,Nolan,Capelin
2024-03-04,14:04:38,98216900,Alyce,Brenard
2024-03-05,14:34:56,95624750,Jacenta,Buxsy
2024-03-05,17:34:06,85205752,Kiah,Cotter
2024-03-06,14:52:02,93344468,Gage,Whaymand
2024-03-07,15:41:29,83187835,Rickey,Hector
2024-03-08,12:22:29,87547836,Flynn,Massot
2024-03-08,14:19:56,85175137,Javier,Metzel
2024-03-08,14:46:11,97691181,Jecho,Sirkett
2024-03-08,18:57:51,87607692,Afton,Perch
2024-03-09,07:00:36,86045065,Christiane,Beeze
2024-03-09,12:05:16,88828022,Hanson,Landal
2024-03-09,12:07:38,84566470,Roscoe,Slowgrave
2024-03-09,13:41:06,93045837,Isaak,Greatbatch
2024-03-09,13:53:10,82284578,Raquel,Pearch
2024-03-09,14:26:53,96889998,Leonhard,Wycliffe
2024-03-10,19:34:00,92129218,Bentley,Agutter
2024-03-13,11:06:43,84022062,Spenser,Raitt
2024-03-13,15:40:22,89501162,Aylmar,Jarritt
2024-03-13,16:47:09,83796640,Justino,Lennie
2024-03-14,10:28:33,83955714,Winna,Yitzhok
2024-03-14,15:20:38,97047051,Shelly,Limrick
2024-03-14,16:04:10,84859600,Tallou,McFater
2024-03-16,15:58:18,99218548,Georgeta,Tilston
2024-03-17,12:55:26,96641145,Giraud,Halwood
2024-03-17,15:21:06,93913222,Hermina,Steadman
2024-03-18,11:18:00,92671592,Norma,Keppie
2024-03-18,15:31:40,88757769,Fonz,Buckell
2024-03-19,15:04:36,95739964,Camila,Seatter
2024-03-20,03:29:52,97011185,Stephan,Firk
2024-03-20,16:42:38,93918281,Zandra,Chark
2024-03-20,17:50:29,92145563,Ernestine,Loughney
2024-03-21,13:59:01,99672640,Elisabet,Marrison
2024-03-21,19:20:37,85125948,Nalani,Winchurch
2024-03-22,13:29:20,85102107,Bryn,Shoreson
2024-03-23,10:44:00,97656508,Farra,Borg
2024-03-23,14:44:41,98509048,Simmonds,Goad
2024-03-23,15:47:19,91367741,Alexi,Brockton
2024-03-24,18:45:08,84698244,Lauren,Arnault
2024-03-25,14:29:25,82204127,Anallise,Moakes
2024-03-25,19:34:25,81112261,Jenna,Voaden
2024-03-27,12:57:00,97269270,Jo,Westman
2024-03-27,13:35:20,95963767,Thorvald,Meus
2024-03-28,03:40:46,86805331,Gill,Isaac
2024-03-29,10:56:19,88182567,Tyler,McMenamy
2024-03-29,12:34:17,91867650,Erinna,Edler
2024-04-01,18:45:27,88211654,Desirae,Linton
2024-04-04,10:44:56,94197652,Torie,Annear
2024-04-04,12:23:02,84977344,Hal,Sowden
2024-04-04,21:42:58,89005109,Darrick,Yate
2024-04-05,06:31:54,87816989,Pren,Shemming
2024-04-05,10:40:43,87818088,Yale,Ebertz
2024-04-05,11:06:15,86335235,Bekki,Jozsika
2024-04-05,12:14:28,96297154,Collete,Print
2024-04-05,14:23:40,95795218,Bobbye,Lillow
2024-04-06,12:32:31,87464899,Athene,Foch
2024-04-06,14:13:19,86779254,Marcus,Ortell
2024-04-07,14:16:25,92763507,Doti,Silvester
2024-04-07,18:01:17,82014056,Nisse,Compford
2024-04-08,10:58:21,84811777,Bartholemy,Fricker
2024-04-08,10:59:28,99491929,Elvira,Horsburgh
2024-04-08,11:04:47,97146801,Dodie,MacCourt
2024-04-08,18:18:10,92147627,Ely,Zincke
2024-04-08,19:23:59,92035069,Jamie,Seiler
2024-04-10,20:04:05,97865331,Rustin,Drage
2024-04-11,10:41:23,83746740,Krystyna,Duckerin
2024-04-12,19:03:43,82523186,Gennifer,Baglan
2024-04-13,17:51:26,84389605,Vaughan,Hartless
2024-04-16,15:03:17,95213360,Demetris,Torry
2024-04-17,17:01:35,93095451,Adaline,Harburtson
2024-04-18,13:49:13,81043685,Latia,Skelly
2024-04-18,18:21:06,83572545,Torey,Harbinson
2024-04-19,13:58:54,92087840,Terri,Grzelczak
2024-04-20,15:49:25,82733879,Jamil,Cuseick
2024-04-22,11:29:27,86635564,Panchito,Kenwright
2024-04-23,19:42:28,83304741,Hinze,Jurek
2024-04-24,10:21:27,93816956,Ania,Brewett
2024-04-24,11:33:26,98868305,Hugibert,Labeuil
2024-04-26,07:05:35,93958213,Lucho,Bellas
2024-04-26,12:01:31,93034474,Reagan,Voaden
2024-04-28,12:30:10,95924292,Penny,Hanster
2024-04-29,11:26:32,83756798,Constantine,Euesden
2024-05-02,19:18:33,93112965,Rorke,Mc Elory
2024-05-06,10:05:18,99249866,Justin,Raulston
2024-05-06,10:09:08,99721613,Tremaine,Liffey
2024-05-07,16:55:39,94908069,Nanice,Celes
2024-05-08,15:01:52,85256247,Newton,Cone
2024-05-09,12:54:22,86385588,Candra,Mather
2024-05-09,13:03:59,98641799,Hi,Bunclark
2024-05-09,22:41:02,95408259,Cleopatra,Blaycock
2024-05-11,10:22:32,83904211,Craig,Tesoe
2024-05-11,17:21:56,96345001,Walliw,McCaskell
2024-05-11,18:35:40,94918067,Bartram,Manuele
2024-05-11,19:38:16,97134739,Shandeigh,Gilbank
2024-05-12,13:27:39,98633322,Diarmid,Dottrell
2024-05-12,15:38:02,83389439,Kennie,Emslie
2024-05-14,16:57:57,82293016,Jana,Voaden
2024-05-15,08:40:06,83579348,Jennica,Costi
2024-05-15,17:28:59,91375143,Mauricio,Robottham
2024-05-15,17:40:13,87134817,Joshuah,Payfoot
2024-05-15,20:20:35,89337450,Darcey,Astlet
2024-05-16,10:39:49,86297521,Ddene,Wieprecht
2024-05-17,11:30:28,81148657,Huberto,Symon
2024-05-17,22:34:51,86453089,Webster,Tarzey
2024-05-17,22:36:33,93494839,Evanne,Cauldwell
2024-05-18,08:01:38,81866554,Dmitri,Langdon
2024-05-18,11:15:56,99602490,Adrian,Ludmann
2024-05-19,12:14:27,95445087,Faustina,Howsam
2024-05-19,15:58:58,88904185,Edvard,Loosley
2024-05-19,21:15:42,85551145,Glory,Gerriet
2024-05-19,21:18:36,96691498,Kit,Agge
2024-05-21,16:10:20,93144845,Ilysa,Duesbury
2024-05-21,19:11:09,92926747,Kathi,Warman
2024-05-21,20:13:48,84459398,Tiffani,Kennon
2024-05-22,19:24:58,83779605,Igor,Breston
2024-05-23,10:10:20,91351382,Dayle,Allard
2024-05-23,17:14:33,81487636,Kathy,Woffinden
2024-05-23,19:03:54,89743840,Carlin,Starbucke
2024-05-23,19:42:32,87902632,Ruddy,Harty
2024-05-23,20:15:01,95303069,Gregoire,Mobbs
2024-05-24,18:17:40,82005603,Lila,Howse
2024-05-24,22:30:40,98343722,Alexandr,Waylen
2024-05-26,14:26:05,83488796,Sofia,Mariot
2024-05-26,18:39:19,91153786,Ad,Youles
2024-05-26,20:59:15,88398022,Wendel,Mingard
2024-05-26,21:03:52,97454536,Orbadiah,Hansod
2024-05-26,21:04:59,95058405,Nisse,Younger
2024-05-27,14:05:22,81212809,Alister,Byles
2024-05-27,18:00:51,99932959,Clarie,Kennelly
2024-05-27,19:16:27,98509781,Antonina,Pendered
2024-05-27,19:17:39,82502663,Durante,Gally
2024-05-27,20:02:52,87261184,Tabina,Kliemann
2024-05-27,21:29:07,99526912,Ole,Twydell
2024-05-28,13:14:40,84395101,Ann,Tyrie
2024-05-28,14:10:54,87639325,Deeanne,Briggdale
2024-05-29,09:14:44,99943428,Vassily,Rhys
2024-05-29,11:14:03,96485460,Ritchie,Lomond
2024-05-29,15:10:49,88196429,Torrence,Brikner
2024-05-29,15:45:13,86907966,Emiline,Gilhooley
2024-05-29,16:45:04,85716523,Darrell,Govern
2024-05-29,20:30:42,81425186,Paul,Beeck
2024-05-30,08:29:06,83906642,Hashim,Bockmaster
2024-05-30,08:37:05,95507273,Connie,Staite
2024-05-31,07:53:57,86394908,Thain,Broader
2024-05-31,09:21:08,96293925,Jobina,Hember
2024-05-31,10:38:08,92628932,Amabel,Haldenby
2024-05-31,14:50:13,98994201,Noe,Hafner
2024-06-01,11:38:09,88355720,Sallyanne,Boston
2024-06-01,18:20:13,96871044,Marget,Choupin
2024-06-01,20:22:07,87257256,Guss,Mulcahy
2024-06-01,20:50:10,89865685,Stanwood,Toffler
2024-06-02,21:30:12,99024405,Nisse,Linn
2024-06-04,15:30:32,97194473,Esme,Sollowaye
2024-06-04,20:13:01,85961295,Brockie,Pilmer
2024-06-04,21:31:59,84712889,Arlan,Stollenbecker
2024-06-05,08:21:49,97254687,Jilly,Tammadge
2024-06-05,19:59:54,93789102,Maddie,Gepheart
2024-06-06,15:24:06,88261126,Garvey,Bates
2024-06-07,08:18:04,84651016,Galina,Toulson
2024-06-07,16:45:42,97286509,Siana,Tarply
2024-06-08,09:04:20,96366726,Noell,Vickers
2024-06-09,10:30:04,99821690,Misty,Lowe
2024-06-09,10:52:06,84653098,Ethelred,Duley
2024-06-09,11:07:08,96356677,Ramon,Spargo
2024-06-09,11:52:50,95294944,Shena,Beagan
2024-06-09,19:21:19,84855299,Helyn,Hadfield
2024-06-10,19:37:24,81751603,Ulberto,Voaden
2024-06-11,10:38:04,87093728,Thedrick,Kocher
2024-06-12,11:05:10,82602661,Anthea,Rudledge
2024-06-12,11:51:44,84433987,Lawton,Battlestone
2024-06-12,17:47:28,84452413,Nisse,Blaymires
2024-06-12,20:25:34,83419730,Ravi,Raecroft
2024-06-13,08:54:24,95686738,Fifine,Shurrocks
2024-06-13,09:50:25,86511281,Romy,Abramowsky
2024-06-13,17:04:59,98563061,Tabbie,Mulryan
2024-06-13,19:22:19,89372994,Quentin,Sedgefield
2024-06-13,20:45:01,97397535,Celene,Belbin
2024-06-14,18:29:53,89536307,Sax,Jude
2024-06-15,15:30:20,91984698,D'arcy,Paynter
2024-06-15,16:03:30,87047759,Mellie,Grenshields
2024-06-15,18:14:05,85765335,Dana,Leuren
2024-06-16,15:02:36,94238623,Demetrius,Creebo
2024-06-16,15:44:00,96021205,Dun,Von Der Empten
2024-06-16,16:47:37,94103133,Waverly,Roux
2024-06-17,08:57:24,97028836,Tersina,Learoyde
2024-06-17,18:51:20,87861497,Ladonna,Penrice
2024-06-18,14:04:06,81199272,Carly,Reymers
2024-06-18,20:35:49,88038083,Raynor,Stansall
2024-06-19,10:54:00,97355247,Arnuad,Dibdale
2024-06-19,18:43:10,89181095,Osborn,McAllester
2024-06-20,21:39:10,94747807,Stillman,Metzing
2024-06-21,10:01:40,89085166,Kelley,Kerkham
2024-06-22,09:37:49,88336702,Townsend,Gamlen
2024-06-22,22:10:23,84438900,Rafe,Teml
2024-06-24,15:02:29,94676966,Aura,Fitchell
2024-06-25,08:19:24,92993688,Jeanne,De Angelis
2024-06-26,09:33:02,97882942,Grantham,Pleat
2024-06-26,16:32:29,82247963,Lonna,Hainsworth
2024-06-27,10:53:22,87304869,Britni,Perone
2024-06-27,21:50:32,91485473,Inigo,Cawthron
2024-06-28,21:52:02,91128383,Lezlie,McMeyler
2024-06-28,22:28:20,87137214,Alasteir,Gwilym
2024-06-29,11:40:20,85054858,Cesaro,Banting
2024-06-29,12:30:24,96781802,Baxie,Alcalde
2024-06-30,00:38:36,88241985,Waverly,Glanders
2024-06-30,13:05:51,94237127,Marwin,Magrane
2024-07-03,16:54:23,86687970,Tootsie,Hedden
2024-07-03,17:59:02,94302752,Harli,Burles
2024-07-04,10:26:24,94999037,Lavinie,Godber
2024-07-05,08:10:59,87955349,Karlik,Hillan
2024-07-05,09:01:21,86506050,Mason,Pingston
2024-07-05,13:44:44,85821788,Susana,Brothwood
2024-07-05,18:55:56,94597359,Rolando,Howatt
2024-07-05,22:20:01,89996306,Rivkah,Brunet
2024-07-07,09:04:20,99145420,Nessy,Kinsley
2024-07-07,09:14:29,99178578,Ardine,Linkleter
2024-07-07,09:28:49,87554179,Temple,Mattiazzi
2024-07-07,14:56:30,85478888,Terry,Suero
2024-07-07,20:01:32,82043677,Pete,Rosier
2024-07-07,22:33:36,86157078,Fredra,Brosnan
2024-07-08,10:08:07,94541557,Giselle,Arnfield
2024-07-08,12:02:50,86204630,Crysta,Derges
2024-07-08,19:30:35,85545035,Che,Gerger
2024-07-09,10:40:29,81535117,Karla,Culleford
2024-07-09,16:43:00,88317078,Issiah,Ryson
2024-07-10,12:28:54,82475266,Clyve,Wapples
2024-07-10,14:01:15,86551772,Lura,Jeckells
2024-07-11,16:48:19,88759301,Bev,Lettley
2024-07-11,22:22:14,96847589,Ursa,Youngs
2024-07-12,08:03:17,89656744,Rosy,Ouldcott
2024-07-12,11:48:33,89064498,Jocko,Stolberg
2024-07-12,22:35:30,82958805,Ulrikaumeko,Urvoy
2024-07-13,10:38:10,87477420,Otes,Osgodby
2024-07-14,10:54:24,91139624,Preston,Cartmale
2024-07-14,11:02:12,96501091,Birch,Ritch
2024-07-14,22:31:30,82388289,Piper,Bluett
2024-07-16,12:23:37,85014905,Randall,Jowling
2024-07-16,19:29:25,81996653,Terza,Argontt
2024-07-16,21:21:16,97408907,Michal,Durrett
2024-07-17,13:05:00,89572904,Salvidor,Rutley
2024-07-18,07:38:21,88439048,Manolo,Lowseley
2024-07-19,14:52:26,84596705,Dukie,Pietruszewicz
2024-07-20,09:00:54,85138133,Dukie,Deards
2024-07-20,09:02:28,93689939,Melvyn,Scoffins
2024-07-20,15:15:09,84856934,Frasquito,Savil
2024-07-21,11:39:29,85878770,Flory,Kinman
2024-07-21,13:34:31,81262872,Dru,Coupman
2024-07-22,10:15:37,83724113,Elia,Debnam
2024-07-22,16:44:38,89259955,Doe,Seefeldt
2024-07-23,08:44:54,86122670,Colene,Arndt
2024-07-23,10:03:36,81673440,Keri,Torrese
2024-07-24,13:55:14,84025509,Peder,Chuney
2024-07-24,19:15:06,97978673,Rayna,Pache
2024-07-25,15:25:07,82977391,Nanete,Pettko
2024-07-25,21:06:01,99677891,Delainey,Bunyard
2024-07-26,09:33:12,81697447,Lilah,Cardenas
2024-07-26,17:58:29,95244366,Cleveland,Jodrelle
2024-07-27,17:02:33,94742073,Selle,Dreher
2024-07-27,17:09:00,92081682,Emilio,Warbys
2024-07-27,22:56:24,86912511,Manon,Jendricke
2024-07-29,08:12:06,98042986,Willamina,Silwood
2024-07-29,09:51:25,93394704,Huntley,Halloran
2024-07-29,09:58:30,84788124,Penny,Ketton
2024-07-29,21:57:34,84084957,Urson,Juleff
2024-07-30,02:35:09,83503561,Hurley,Bennison
2024-07-30,08:05:07,96377277,Tally,Minster
2024-07-30,08:20:51,91959127,Kleon,Rowet
2024-07-30,11:12:07,94571604,Melissa,Szabo
2024-07-30,11:14:42,93553176,Ahmad,Canavan
2024-07-30,11:16:02,92026805,Morgan,Dives
2024-07-30,11:31:41,91008472,Dal,Spoerl
2024-07-30,13:56:52,83106974,Cristin,Salmon
2024-07-30,21:33:19,86514251,Harrison,Barnewall
2024-07-31,13:11:43,94207914,Irvin,Wraight
2024-07-31,17:48:07,91715539,Ali,Dayton
2024-07-31,19:22:39,94138077,Chiquia,Lemarie
2024-07-31,20:46:42,87249062,Gery,Foulgham
2024-07-31,20:53:35,93211645,Connie,Franzel
2024-07-31,21:54:12,81839871,Kerry,Jurczyk
2024-07-31,21:55:17,85468632,Mill,Frowing
2024-08-01,07:31:00,91304943,Hertha,Bugbird
2024-08-01,13:22:47,82072293,Lewiss,Carlill
2024-08-01,16:24:01,87123384,Harli,Houlton
2024-08-01,17:23:35,91501806,Elisha,Leadbeater
2024-08-01,20:41:28,85926424,Thatcher,Hardbattle
2024-08-03,09:37:19,82062159,Delinda,Manktelow
2024-08-03,18:38:42,88233295,Marylinda,Nassey
2024-08-03,21:30:49,82701680,Hartley,Delhay
2024-08-05,08:50:06,82321253,Arabel,Posten
2024-08-05,13:45:22,85425420,Cherin,Pedel
2024-08-05,22:43:48,83062322,Jarrett,Girault
2024-08-06,10:32:32,86916947,Gussi,Lacoste
2024-08-06,12:34:38,82164816,Loralyn,Creighton
2024-08-06,19:05:23,82279883,Hulda,Igonet
2024-08-06,20:04:27,85609920,Nickey,Insole
2024-08-07,22:28:57,82398516,Rita,Langmuir
2024-08-07,22:32:16,97488478,Ruthy,Tritton
2024-08-08,17:17:52,93637442,Elna,Mighele
2024-08-09,07:33:02,83472272,Abigail,Tripet
2024-08-09,11:28:09,82243720,Yuma,Thorley
2024-08-09,18:56:28,89987932,Letisha,Volett
2024-08-10,00:48:31,82504903,Sonnie,Braisby
2024-08-10,08:36:45,83831938,Tracy,Rimes
2024-08-10,12:33:12,84301227,Sunny,Zuan
2024-08-10,21:16:49,99359063,Gerek,Yewen
2024-08-11,09:52:37,91419099,Deck,Lages
2024-08-11,15:53:52,84031137,Karee,Wodeland
2024-08-11,22:39:30,85849254,Ann,Byer
2024-08-12,11:44:28,92844233,Michaela,Tirte
2024-08-12,21:37:38,88803777,Emanuel,Pirri
2024-08-13,13:01:41,88286622,Klarika,Osbiston
2024-08-13,20:44:23,85719509,Baird,Redemile
2024-08-13,21:00:45,96995944,Andrea,Roughsedge
2024-08-14,12:49:17,82586360,Nico,Kettlestringes
2024-08-14,17:24:23,91872497,Holt,Hutcheon
2024-08-14,18:10:04,84607286,Mel,Hessle
2024-08-14,18:59:18,84011250,Franz,Vanin
2024-08-14,21:41:33,92517062,Abbie,Temblett
2024-08-15,13:48:14,88142332,Madalyn,Dockrell
2024-08-15,17:53:52,84247514,Nickolaus,Stickins
2024-08-15,19:10:58,87114721,Marita,Libermore
2024-08-15,19:41:30,99156430,Tandie,Brickett
2024-08-15,20:40:42,82348204,Enoch,Elbourn
2024-08-17,09:18:09,91427721,Eirena,Currey
2024-08-18,08:56:01,83085000,Ignace,Cromer
2024-08-19,06:23:45,81212621,Francklyn,Trazzi
2024-08-19,15:09:49,83541031,Norine,Favell
2024-08-20,11:11:39,96854904,Theresa,MacAne
2024-08-20,20:44:15,88601478,Zollie,Arnaldo
2024-08-21,07:59:13,95111744,Fair,Stapford
2024-08-21,13:17:11,94015222,Luigi,Kyle
2024-08-23,10:10:59,81001850,Hanny,Leechman
2024-08-23,15:28:53,85829709,Amalita,Gouldthorp
2024-08-24,10:18:09,96817774,Eadie,Wint
2024-08-25,08:26:28,87864597,Angelia,Sergant
2024-08-25,12:41:43,86496775,Oswald,Andryushin
2024-08-26,10:37:44,89549059,Kalvin,Libbe
2024-08-26,10:38:49,81144138,Verena,Wignall
2024-08-26,18:53:28,86401534,Marie,Dalgarnocht
2024-08-30,17:13:30,95374370,Fanni,Tomasi
2024-08-31,10:22:27,94402019,Maria,Brugger
2024-09-01,12:50:17,81384028,Corby,Drillingcourt
2024-09-01,17:23:14,88599447,Ragnar,Bucktharp
2024-09-01,17:24:50,85809803,Marguerite,Davion
2024-09-01,20:07:36,84848980,Nada,Kirsz
2024-09-02,20:09:44,81397216,Teriann,Giuroni
2024-09-03,08:22:15,81481814,Ashlin,Simmonds
2024-09-03,08:41:12,95803218,Kassie,Dorow
2024-09-03,09:03:12,93757397,Kelsey,Crowson
2024-09-03,09:38:56,86292580,Rex,Sarten
2024-09-03,12:56:53,92836742,Bastian,Boyle
2024-09-04,11:55:34,99924992,Thia,Le Huquet
2024-09-04,12:53:31,98834553,Revkah,Willingale
2024-09-04,13:03:51,83334801,Reggie,Teresia
2024-09-05,10:28:56,83328688,Towny,Shallcross
2024-09-05,16:38:50,96171765,Aprilette,Harland
2024-09-05,16:40:00,93972617,Lisa,McShee
2024-09-05,17:51:50,97781816,Leupold,Bowne
2024-09-05,20:54:24,94704923,Madelon,Mourant
2024-09-06,08:25:34,94904489,Cullen,Petett
2024-09-06,09:50:40,84706714,Padgett,Yeates
2024-09-06,10:30:06,98482541,Melody,Rayment
2024-09-06,14:30:10,85836852,Perri,Fulker
2024-09-07,08:48:57,82493477,Tallulah,Rawet
2024-09-07,09:52:03,98703749,Prissie,Le Pine
2024-09-07,10:37:52,87112931,Wilhelmina,Weymont
2024-09-07,10:53:32,96449021,Peyton,Dacombe
2024-09-07,20:50:13,96306233,Sindee,Dibbe
2024-09-08,12:43:28,87375171,Arron,Rickword
2024-09-09,07:51:14,95856378,Linnet,Gosnall
2024-09-09,11:11:36,96835471,Torry,Colnett
2024-09-09,11:29:49,84745874,Clemence,Pittson
2024-09-09,15:12:14,95555832,Lazaro,Rickford
2024-09-09,20:13:44,89651240,Bordy,Lakenden
2024-09-09,22:29:43,89856943,Irma,Celli
2024-09-10,09:32:47,85099730,Maiga,Joincey
2024-09-10,19:02:43,84001667,Emlynn,Bon
2024-09-11,08:17:16,97166081,Maureen,Yurenev
2024-09-11,08:47:22,98354788,Ethan,Glasard
2024-09-11,19:53:13,85518279,Monique,Thoresby
2024-09-12,12:31:07,81005435,Mandy,Zimek
2024-09-14,12:38:23,82177956,Corie,McGilvary
2024-09-15,09:49:39,85843901,Perceval,Kenningham
2024-09-16,04:44:36,86603040,Amelita,Kerrane
2024-09-16,10:24:27,82632496,Prentiss,Alabaster
2024-09-16,17:16:06,89764248,Angelina,Olech
2024-09-16,17:18:03,81641982,Jessalin,Gare
2024-09-16,18:56:05,84022089,Agathe,Coplestone
2024-09-16,21:10:19,89318137,Hartley,Whawell
2024-09-16,21:37:47,89063501,Buffy,Lowy
2024-09-17,07:54:58,94549935,Mylo,Claw
2024-09-17,12:38:34,87892017,Sashenka,Olivello
2024-09-17,13:55:31,98481529,Seward,Prester
2024-09-17,18:54:24,82748025,Hasty,Dyble
2024-09-17,19:03:53,89888973,Gayel,MacArthur
2024-09-17,19:31:57,98357025,Dexter,Shearwood
2024-09-18,14:29:49,94359033,Cordell,Giabucci
2024-09-18,17:34:20,91862955,Madeleine,Gorbell
2024-09-20,16:03:30,84407743,Skip,Kyle
2024-09-20,20:39:23,97201279,Gerry,Downham
2024-09-21,15:10:09,91119121,Bertie,Carous
2024-09-21,15:36:14,82028733,Zed,Dedham
2024-09-22,08:32:54,86266344,Adria,Stephens
2024-09-22,11:06:26,89597887,Thorin,Lally
2024-09-22,11:11:21,89563362,Katti,Shillito
2024-09-22,11:52:00,91651063,Maxy,Edgerley
2024-09-22,15:34:10,94395265,Grove,Thompsett
2024-09-22,20:46:26,81299138,Alvis,Cudby
2024-09-22,22:37:02,84958112,Fabian,Shrubsall
2024-09-23,17:27:48,92771131,Minerva,Carmichael
2024-09-23,18:48:30,82594566,Bent,Challender
2024-09-24,12:23:57,85659017,Gusti,Ealam
2024-09-24,16:38:48,97083032,Monty,Stempe
2024-09-24,20:15:50,92416328,Anson,Frentz
2024-09-25,11:51:15,94456710,Kahaleel,Bartosinski
2024-09-25,21:34:41,85256165,Elise,Glaister
2024-09-26,11:34:49,88169940,Francois,Dmtrovic
2024-09-26,18:21:56,86206404,Dyana,Dowry
2024-09-27,13:25:05,95927275,Ynez,Saffill
2024-09-27,18:37:46,95435266,Lauryn,Yakebowitch
2024-09-27,18:40:54,93393025,Dru,Doni
2024-09-27,20:58:15,82511974,Mandel,Moukes
2024-09-28,08:06:45,92026181,Seward,Sotham
2024-09-28,16:57:20,87861698,Mirilla,Kummerlowe
2024-09-28,17:26:17,88056820,Violante,Crudge
2024-09-29,09:28:25,95331962,Gerhardt,Absolon
2024-09-29,12:55:22,92814510,Corliss,Handscombe
2024-09-30,08:58:55,87246482,Sydelle,Brelsford
2024-09-30,09:00:05,87664576,Berenice,Smedley
2024-09-30,11:32:55,83456440,Willi,Shadrack
2024-09-30,19:53:14,92902683,Tye,Cleaton
2024-09-30,21:41:08,83859043,Kiri,Hew
2024-10-01,07:47:08,81163343,Molli,Bullon
2024-10-01,11:55:32,81592716,Emanuel,Aymerich
2024-10-01,12:12:48,85715801,Alleyn,Curless
2024-10-01,16:08:39,87716995,Judd,Powdrill
2024-10-01,16:41:54,99511476,Sean,Bickardike
2024-10-01,18:23:11,83383772,Adiana,Sulter
2024-10-02,07:57:19,88309265,Currie,Yuill
2024-10-02,15:13:42,97013002,Anstice,Spedroni
2024-10-03,15:12:05,91768576,Modesty,Setford
2024-10-04,17:42:22,99699350,Floris,Cayton
2024-10-06,13:50:00,95775453,Cyrus,Heyball
2024-10-06,16:31:34,81213612,Damien,Fonso
2024-10-06,18:35:16,93754222,Rebbecca,Isakov
2024-10-06,21:09:13,98629985,Sheilah,Elnough
2024-10-07,09:09:58,89224024,Doro,Powell
2024-10-07,12:17:57,84516749,Curt,Wilcocke
2024-10-08,12:48:05,85812180,Austin,Reyna
2024-10-08,15:50:43,85379340,Veronique,Blowfelde
2024-10-09,11:18:02,85487110,Ula,Reeday
2024-10-09,13:52:35,96213414,Joanie,Lemarie
2024-10-09,17:50:00,99608520,Anthony,Loveday
2024-10-09,20:49:12,85241589,Shaun,MacColm
2024-10-11,08:58:09,84397303,Cristine,Chappell
2024-10-11,10:51:49,85444065,Brietta,Kmieciak
2024-10-11,12:53:43,84516618,Brnaby,Woolfenden
2024-10-11,14:33:41,96254847,Jenine,Paxeford
2024-10-11,21:36:16,89335644,Tucky,Corgenvin
2024-10-11,21:48:38,89792922,Wayne,Sale
2024-10-11,22:36:28,96784207,Lothario,Vears
2024-10-12,11:53:41,91847919,Fernanda,Missen
2024-10-12,13:18:47,88256654,Halsy,Sandey
2024-10-14,09:49:55,82924779,Sean,Castellani
2024-10-14,14:36:07,86548998,Norry,Rohloff
2024-10-14,16:37:47,94591022,Sylvan,Toothill
2024-10-14,22:08:54,89839796,Ludvig,Stearnes
2024-10-14,22:10:24,83242946,Dionne,Twine
2024-10-15,13:00:43,86788452,Devlen,Khotler
2024-10-15,17:04:11,94084580,Agnesse,Ebben
2024-10-15,19:22:21,98412449,Archer,Chesswas
2024-10-16,11:49:45,83001777,Joyann,Jolliman
2024-10-16,12:29:44,87795535,Weston,Charrington
2024-10-16,13:20:10,81369080,Aime,Risbridge
2024-10-16,16:45:30,98454918,Harmon,Menloe
2024-10-16,19:37:42,82099807,Janeva,Aspinall
2024-10-16,21:20:29,98775930,Johna,Dunbobbin
2024-10-17,10:44:54,97515891,Carmon,Barke
2024-10-17,11:59:27,89806708,Anselma,McGown
2024-10-17,13:57:25,83962013,Webster,Crab
2024-10-17,16:48:36,81006387,Thorndike,Bum
2024-10-17,20:11:36,85971970,Bartie,Packham
2024-10-18,16:09:58,89126613,Bevin,McKall
2024-10-18,19:16:50,94422118,Dolores,Tompkin
2024-10-20,16:29:43,98976069,Filmore,Joannic
2024-10-20,21:17:27,88322679,Gene,Gosnall
2024-10-21,14:42:56,97254358,Lyle,Beresford
2024-10-21,15:27:02,96294268,Jone,Gallemore
2024-10-21,15:39:05,84253221,Dennis,Cattermole
2024-10-21,22:30:44,93924304,Dorie,Flicker
2024-10-22,10:51:32,99684941,Elonore,Lenin
2024-10-22,18:07:03,97148252,Kaitlynn,Peacock
2024-10-23,17:02:46,87829519,Tome,Druett
2024-10-23,21:58:24,91586932,Sanson,Dark
2024-10-23,22:23:38,92233484,Lyndy,Hail
2024-10-24,14:49:02,81245574,Jeffy,Santen
2024-10-24,18:53:47,98491128,Mikol,Flattman
2024-10-24,21:14:45,87795988,Austen,Clulow
2024-10-26,07:49:59,81028400,Magnum,Gouldstraw
2024-10-26,10:24:38,87226750,Jasun,Gyse
2024-10-26,15:52:02,81099774,Avram,Summerbell
2024-10-26,15:53:22,91279152,Ermengarde,Consterdine
2024-10-26,20:34:47,98813611,Basilius,Ties
2024-10-28,08:01:12,89501314,Cherie,Schinetti
2024-10-28,11:42:36,91857749,Sadye,Cattemull
2024-10-29,08:40:52,95645837,Garreth,Johnston
2024-10-29,11:59:47,84709779,Johnath,Jeacock
2024-10-29,12:21:37,85532717,Inge,Linzey
2024-10-29,14:15:44,88167770,Lorilyn,Vize
2024-10-29,14:37:36,87605998,Jeannette,Borton
2024-10-29,16:10:57,89487173,Lucias,Spedding
2024-10-29,20:07:36,81087083,Reece,Eades
2024-10-30,09:11:29,98409091,Collen,Archer
2024-10-30,12:37:01,81777315,Rosanne,Maffia
2024-10-30,18:08:12,82882134,Chelsae,Gaskarth
2024-10-31,15:59:27,82638725,Galvin,Leer
2024-10-31,16:00:31,93059181,Nicolle,Nenci
2024-11-01,05:18:10,99955728,Gale,Ible
2024-11-01,08:24:03,94952741,Brittni,Haet
2024-11-01,15:55:42,98613094,Goldia,Dooland
2024-11-02,10:25:46,86423909,Josefa,Toor
2024-11-02,18:58:24,89903641,Britte,Adame
2024-11-03,13:13:51,91044478,Grace,Darter
2024-11-03,13:44:19,84206286,June,Chatenet
2024-11-03,16:20:37,99296272,Elysia,Blackey
2024-11-04,12:33:36,87667988,Correy,Bowerman
2024-11-05,09:12:12,97986935,Elvina,Morrill
2024-11-05,14:36:38,99625960,Ahmed,Ruscoe
2024-11-05,14:41:48,99799764,Nikkie,Roote
2024-11-06,11:45:31,98435004,Zilvia,Ryall
2024-11-07,12:17:16,87797506,Gregorius,Mathieson
2024-11-07,16:39:39,91589742,Herbie,Bignal
2024-11-07,19:20:15,94385063,Dick,Dobbinson
2024-11-08,13:25:13,83027730,Ximenez,Peevor
2024-11-08,16:33:03,89734623,Mayor,Gamon
2024-11-08,16:55:28,99174492,Drud,Gyves
2024-11-08,20:13:32,86697162,Whittaker,Souness
2024-11-09,11:08:44,86748901,Tania,Duffet
2024-11-09,14:21:52,85289488,Cybil,Obeney
2024-11-09,20:42:05,81065034,Boot,Luton
2024-11-09,22:13:28,96323333,Michel,Dulton
2024-11-09,22:52:58,85016490,Rosalinda,Mallebone
2024-11-09,22:54:19,85724119,Nikolas,Genike
2024-11-10,09:46:22,84954608,Cahra,Jaggli
2024-11-10,18:14:04,86981397,Valene,Arnhold
2024-11-10,20:38:08,85589369,Kinna,Martinon
2024-11-11,17:33:32,95324540,Braden,Tousey
2024-11-11,19:04:16,92464841,Elle,Lintall
2024-11-11,22:22:03,89017930,Raoul,Cinnamond
2024-11-13,08:09:11,93527932,Isidora,Skehens
2024-11-13,13:19:55,89266405,Francesca,Davidy
2024-11-13,14:17:30,82923978,Dell,Tregidgo
2024-11-13,14:46:58,87159905,Lev,Kegan
2024-11-14,10:06:43,87758654,Mal,Ducaen
2024-11-14,12:48:50,85788284,Aldric,Buchett
2024-11-14,15:03:45,85488648,Cinnamon,Crop
2024-11-15,08:45:51,98998227,Bernard,Hellmer
2024-11-15,12:09:00,88883674,Nicholas,Coghlin
2024-11-15,12:14:19,87834104,Alisa,Jedrzej
2024-11-15,17:35:41,89151643,Dory,Naul
2024-11-15,17:55:01,84323821,Buck,Colcomb
2024-11-16,10:45:51,82948552,Lodovico,Cashford
2024-11-16,11:02:01,99812961,Mandie,Rawlingson
2024-11-16,12:31:51,81765452,Godwin,Bendelow
2024-11-16,12:48:36,94296322,Anna-diane,Dransfield
2024-11-17,14:33:40,89452265,Red,Wignall
2024-11-17,16:27:26,92647147,Fraser,Chipperfield
2024-11-19,07:51:14,87663309,Glenden,Bener
2024-11-19,16:47:41,84202146,Caddric,Sinkin
2024-11-20,13:29:39,99588253,Tammie,Labrenz
2024-11-21,17:35:27,95353629,Dayna,Lesor
2024-11-21,19:01:03,93662500,Farleigh,Trevaskis
2024-11-22,11:02:32,93977914,Boyd,Ormiston
2024-11-22,11:24:26,97817303,Tiena,Belin
2024-11-23,11:09:28,97199535,Chaunce,Plait
2024-11-23,11:39:35,85769030,Colly,Claypool
2024-11-25,12:52:41,86748845,Garret,Richten
2024-11-25,19:37:58,87162276,Luciano,Shrive
2024-11-26,11:06:09,95088596,Vivia,Tesche
2024-11-26,16:03:54,96406171,Giuditta,Cargon
2024-11-28,08:41:17,96961253,Lanita,Pheby
2024-11-28,22:00:16,91998764,Kory,Gherarducci
2024-11-29,15:18:07,99628519,Clemence,Fallens
2024-11-29,15:19:20,85069475,Jorrie,Counter
2024-11-30,14:04:56,94933162,Caterina,Prowting
2024-11-30,22:03:48,87619538,Kenyon,Whieldon
2024-12-01,02:38:34,84788081,Kaile,Pettigrew
2024-12-01,15:56:31,98647852,Clarey,St. Louis
2024-12-01,15:57:49,89355083,Kirby,Shinton
2024-12-02,12:00:04,82195911,Pauli,Jaques
2024-12-02,15:28:24,83154287,Manuel,Terese
2024-12-02,16:12:24,84269734,Arlie,Sunshine
2024-12-02,18:00:32,87552302,Shandie,Balch
2024-12-03,11:42:08,96927754,Cam,Ilott
2024-12-03,21:33:17,87115713,Case,Bengall
2024-12-04,10:26:58,82854080,Darill,Frantzeni
2024-12-04,14:33:55,91231854,Ossie,Pineaux
2024-12-05,11:50:45,81201155,Freedman,Bondy
2024-12-06,16:31:58,87149289,Archy,Sollis
2024-12-07,14:16:43,89067494,Steffie,Simonel
2024-12-07,15:44:05,84972925,Annabelle,Brekonridge
2024-12-07,22:00:10,99379722,Charla,Stiegar
2024-12-07,22:28:17,88327799,Shamus,Tregear
2024-12-08,12:51:41,87766629,Adelaide,Lote
2024-12-08,13:02:36,87472204,Kerianne,Pepis
2024-12-08,18:41:49,85156845,Roley,Sydes
2024-12-08,21:01:46,83748737,Jabez,Perez
2024-12-08,21:28:30,91151469,Kathlin,Gilham
2024-12-09,08:32:41,87729046,Kai,Guyet
2024-12-09,09:12:25,92569717,Glenda,Mabbe
2024-12-11,12:13:06,88427705,Shermie,Balnave
2024-12-11,12:56:48,89435498,Innis,Briston
2024-12-11,21:18:17,97758086,Reinhard,Vant
2024-12-12,07:58:31,89614720,Milt,Snelgrove
2024-12-12,16:55:02,81715145,Gipsy,Broadfoot
2024-12-13,10:51:33,94376088,Portia,Schoolcroft
2024-12-14,08:27:32,99321600,Lotti,Mathevet
2024-12-14,09:03:06,95679700,Quill,Kelley
2024-12-14,11:41:58,89936667,Rouvin,Koles
2024-12-16,08:03:31,87082489,Cody,Stolberg
2024-12-16,13:08:53,88108710,Ailene,Stepney
2024-12-17,08:48:18,84632242,Sharla,Raeburn
2024-12-17,11:17:24,85787657,Martica,Francesch
2024-12-17,18:01:24,86517590,Trixy,Forson
2024-12-18,09:30:28,86127341,Bryan,Breissan
2024-12-18,10:01:21,98864311,Dalston,Eadmeades
2024-12-19,13:38:57,91136992,Lynn,Neal
2024-12-20,10:12:43,87947714,Thaxter,Gatenby
2024-12-21,10:32:03,89949163,Adele,Cassius
2024-12-21,17:47:28,86185671,Helen-elizabeth,Pallatina
2024-12-21,18:08:17,96237561,Saleem,Rossander
2024-12-22,15:20:00,96823388,Shelba,Ville
2024-12-22,20:26:37,94996847,Rosalinde,Hocking
2024-12-22,21:55:19,87281214,Washington,Kepe
2024-12-23,15:00:24,81754939,Emyle,Broad
2024-12-24,15:10:43,82763052,Darnall,Patemore
2024-12-24,16:08:38,96115445,Melvin,Denidge
2024-12-24,19:11:37,82718161,Irita,Slisby
2024-12-25,13:17:11,82503971,Cassandry,Goldsberry
2024-12-25,21:57:30,98039890,Judith,Avrashin
2024-12-26,15:04:34,88387300,Elladine,Connick
2024-12-28,14:10:01,87576205,Bobbie,Milesap
2024-12-29,15:04:27,82704606,Anatol,Ivashnyov
2024-12-30,17:58:42,89757561,Arleta,Pudsall
2024-12-31,09:36:50,95038041,Willis,Cotton
2024-12-31,10:26:53,93598841,Malory,Dutton
2024-12-31,11:11:31,81052175,Sanderson,Lambert
2024-12-31,16:07:19,87086979,Cindie,Avraham
2024-12-31,17:30:53,98227166,Jolynn,Pearde
2025-01-02,14:41:11,97288143,Korey,Donlon
2025-01-02,16:22:32,81431028,Ignacio,Andrzejowski
2025-01-03,16:58:09,88569701,Staci,Everwin
2025-01-04,07:34:00,83265688,Nataniel,Kibbye
2025-01-04,09:59:28,94673884,Pedro,O'Lunney
2025-01-05,10:53:01,88958633,Dreddy,Ettritch
2025-01-09,08:07:08,84854376,Moselle,Esmonde
2025-01-09,15:36:59,82026031,Donielle,Jurgenson
2025-01-10,17:55:53,92216285,Dex,De Carteret
2025-01-11,10:49:41,86785958,Philomena,Fockes
2025-01-11,17:19:34,92511287,Charmain,Hebden
2025-01-11,18:01:28,83959437,Hyacinthie,Commuzzo
2025-01-11,20:41:47,94596542,Neils,Hellens
2025-01-12,20:56:04,88074610,Any,Lockhurst
2025-01-12,23:59:06,82394434,Marty,Balme
2025-01-14,08:26:55,93142145,Avery,Wendover
2025-01-15,15:36:48,93107942,Dulcie,Bartosch
2025-01-15,18:06:12,96804773,Daile,Burtonshaw
2025-01-16,15:16:19,83719646,Pamelina,Clausner
2025-01-16,16:35:11,99208729,Conny,Pheasant
2025-01-16,20:04:57,84438758,Aurthur,Emmanuele
2025-01-16,21:40:13,94053688,Emlyn,Swalwell
2025-01-17,07:38:20,95277535,Amber,Domican
2025-01-17,14:20:54,94419437,Gabrielle,Puvia
2025-01-18,10:12:38,97747567,Chan,Adami
2025-01-20,20:26:25,93575829,Austin,Charleston
2025-01-20,21:13:45,91178027,Katrine,Iacovone
2025-01-21,15:35:17,81108941,Adriana,Livingston
2025-01-22,11:24:46,92596658,Allison,Jaquemar
2025-01-22,19:10:26,92644219,Alley,Sarginson
2025-01-22,22:29:13,96831067,Kleon,Dive
2025-01-24,17:41:49,85322122,Antons,Humerstone
2025-01-25,14:38:25,85331969,Trudi,Biset
2025-01-27,12:05:02,99606193,Sal,Antonioni
2025-01-27,18:55:19,84277563,Neille,Chillcot
2025-01-27,19:02:40,83547126,Rae,Filyashin
2025-01-27,19:03:45,81954071,Gert,MacMichael
2025-01-28,20:11:51,87989532,Cornie,MacRedmond
2025-01-28,20:13:45,92131122,Winne,Scarfe
2025-01-30,11:26:29,85262966,Hillel,Norster
2025-01-30,12:42:16,84824546,Gusti,Sarre
2025-01-30,13:02:01,84681188,Bailie,McDonnell
2025-01-30,17:18:48,89862292,Desirae,Gidden
2025-01-31,14:02:58,92805483,Wendi,Baumaier
2025-01-31,22:35:59,81935225,Al,Smittoune
2025-01-31,22:37:02,89174894,Eziechiele,Edscer
2025-02-01,14:35:19,98118532,Rowe,Enston
2025-02-02,12:56:05,82295004,Darb,Carlaw
2025-02-03,07:03:25,87854751,Boris,Calendar
2025-02-03,08:09:09,84189218,Peria,Rudsdale
2025-02-03,10:15:39,89297491,Staffard,Dilliston
2025-02-03,10:22:18,95922805,Boyd,McLaughlan
2025-02-03,10:49:59,84338628,Hunfredo,Dingsdale
2025-02-03,13:25:02,89554401,Dacie,Leitche
2025-02-03,13:51:03,84107365,Phil,Sicely
2025-02-03,17:09:55,86074360,Torey,Birtonshaw
2025-02-03,17:11:07,96635216,Hurley,Jiggins
2025-02-03,17:15:41,91564522,Karney,Jollands
2025-02-03,17:44:18,94695601,Haskel,Astle
2025-02-03,18:09:00,86998072,Atlante,Shemming
2025-02-03,20:44:14,96962666,Theadora,Alenichev
2025-02-04,12:35:58,89671561,Zebulon,Ilchuk
2025-02-04,13:07:39,95999788,Vinny,Varley
2025-02-04,14:15:14,96119890,Duff,Wormleighton
2025-02-04,19:05:22,92159706,Lauretta,Fryers
2025-02-04,19:09:37,88906323,Vladimir,Dall
2025-02-05,12:10:47,96311432,Maurie,Klass
2025-02-05,13:20:46,96177102,Gaston,Rudgerd
2025-02-05,16:35:33,92511931,Moishe,Cona
2025-02-05,18:18:34,88324547,Koenraad,Thorington
2025-02-05,18:45:42,88641496,Barnett,Nolda
2025-02-05,20:03:21,86217567,Brew,Cesco
2025-02-06,13:59:21,92333599,Lek,Crowch
2025-02-06,14:59:22,96453622,Dimitry,Kettlesting
2025-02-06,17:54:25,83082240,Eryn,Botten
2025-02-06,19:55:07,94843792,Vyky,Balcon
2025-02-07,09:07:05,88451719,Ketty,Bruyett
2025-02-07,10:49:23,97751389,Archibald,Astling
2025-02-07,12:58:52,93099528,Rosemarie,Fearnyhough
2025-02-07,16:22:13,83689372,Jeri,Giuroni
2025-02-07,20:30:57,94579059,Phil,Riche
2025-02-08,11:39:34,99122597,Katlin,Lowell
2025-02-09,12:05:05,91186677,Cesar,Snelgar
2025-02-09,15:13:09,96569513,Morissa,Coote
2025-02-10,13:26:55,86546698,Cathleen,Berriball
2025-02-10,13:40:13,96363022,Leonore,Caught
2025-02-10,14:01:52,83935495,Mollie,Solloway
2025-02-10,16:31:49,89204727,Fredi,Mapples
2025-02-11,17:44:13,95934528,Fredra,Aynsley
2025-02-11,19:04:11,97022180,Beniamino,Harp
2025-02-13,09:17:21,94023098,Ibrahim,Karlqvist
2025-02-14,14:07:09,81745239,Jamima,Stairmond
2025-02-14,14:58:12,84007732,Elinor,Gilbank
2025-02-14,17:09:08,81468552,Averil,Dunbleton
2025-02-14,17:25:25,88928237,Ernestine,Loughney
2025-02-14,21:18:30,83171434,Rois,Quadling
2025-02-15,09:22:52,95939466,Carmen,Gillings
2025-02-15,13:24:42,89536380,Maurizia,Vairow
2025-02-15,15:40:08,95795907,Doroteya,Haile
2025-02-16,10:46:43,94741222,Ebba,Hegden
2025-02-17,04:56:04,97764225,Lois,Klebes
2025-02-17,12:48:58,82522590,Kenon,Pollie
2025-02-17,18:23:53,81802204,Celisse,Ord
2025-02-17,19:13:52,93104507,Mattie,Caldero
2025-02-17,20:18:17,89279105,Meaghan,Antognelli
2025-02-18,12:15:27,84761487,Harlan,Santos
2025-02-18,13:04:27,81662794,Edyth,Bull
2025-02-18,13:27:05,82603173,Linell,Hubbins
2025-02-18,17:08:19,98526116,Dorothy,Eveleigh
2025-02-18,19:36:27,85317578,Therine,McNea
2025-02-18,20:58:13,92768976,Lowrance,Band
2025-02-19,17:57:52,91737055,Erin,Culy
2025-02-19,19:01:33,97873269,Raimundo,Vigneron
2025-02-19,19:11:50,88553346,Lynelle,Volkes
2025-02-20,15:19:46,97959304,Tabor,Chaffer
2025-02-20,16:59:07,91948040,Loralee,Stapford
2025-02-20,19:01:51,83362165,Susann,Dooland
2025-02-20,19:07:26,93086562,Cobby,Jalland
2025-02-22,03:24:14,98917298,Alia,O'Flaherty
2025-02-22,11:28:30,94184777,Sissie,Aubrun
2025-02-23,13:50:22,87938110,Jonell,Jordin
2025-02-24,09:45:11,84955015,Trumann,Ranyell
2025-02-24,16:00:06,89351304,Curtice,Camell
2025-02-26,10:11:27,96817423,Beale,Hoyt
2025-02-26,15:14:48,97106681,Karissa,Waterhouse
2025-02-26,15:17:25,83899284,Tiffy,Tanswill
2025-02-26,15:20:03,85836112,Miller,Haugen
2025-02-27,12:48:16,99479619,Gerda,Wale
2025-02-27,13:29:48,87675612,Trescha,Charer
2025-02-27,18:17:29,89881533,Artemas,Delgado
2025-02-27,19:14:16,82025539,Alidia,Gilcriest
2025-02-28,08:09:58,82301629,Raimundo,Polley
2025-02-28,17:31:04,81078685,Charlene,Denison
2025-02-28,18:53:49,98499105,Cathrin,Darte
2025-03-01,14:43:24,91383797,Sayers,Reece
2025-03-01,17:08:34,89219230,Doroteya,Haitlie
2025-03-02,18:20:53,83473574,Filberte,Pillans
2025-03-03,10:24:47,88551014,Clyve,Hastilow
2025-03-05,10:10:51,82834426,Carissa,Goseling
2025-03-05,17:16:24,99438370,Melloney,Punton
2025-03-08,12:41:20,94657772,Morgen,Fonquernie
2025-03-09,11:25:53,94506180,Tawnya,McAteer
2025-03-10,08:34:43,95239750,Dodie,Fallow
2025-03-11,16:29:31,84097155,Jade,Belk
2025-03-11,19:07:14,87013731,Iorgos,Westell
2025-03-11,20:08:56,96108671,Goldy,Qualtro
2025-03-12,13:01:49,85624522,Lorrin,Joyce
2025-03-12,16:27:37,99689225,Cooper,Lorrie
2025-03-12,18:17:18,92238682,Phineas,Sleford
2025-03-12,18:24:40,93458741,Isa,Evennett
2025-03-13,09:38:20,91689181,Walther,Corbishley
2025-03-14,09:00:30,89588561,Rozamond,Quakley
2025-03-14,17:05:24,96324409,Cornelle,Vasilkov
2025-03-14,20:20:22,82351376,Herve,Alleyn
2025-03-18,08:23:11,81282369,Patricio,Gurden
2025-03-18,11:47:20,87472923,Kettie,Hillhouse
2025-03-18,21:20:40,94865801,Jacquette,Lukasik
2025-03-19,12:58:27,96252414,Georgetta,Creegan
2025-03-19,15:14:23,92089746,Stanfield,Hazlewood
2025-03-19,17:00:00,91425089,Adiana,Belderfield
2025-03-20,08:13:16,93564742,Andriana,Writtle
2025-03-20,10:06:44,95734883,Gram,Braddock
2025-03-20,12:48:24,93912232,Tobey,M'Quhan
2025-03-20,14:26:47,89313518,Thornie,Loughran
2025-03-20,17:23:51,84155657,Arv,Tomisch
2025-03-21,15:09:03,93989171,Matteo,Heijne
2025-03-22,09:05:13,99235107,Glynda,Verissimo
2025-03-22,11:41:21,81564297,Krysta,Huxley
2025-03-22,19:16:53,95393939,Donn,Bothe
2025-03-23,15:47:29,93263252,Arlin,Pawlowicz
